"id","hash","dependency","kind","related","unplaced"
"D:\Development\Java\Objectionary\speco\.eoc\classes\EOorg\EOeolang\AtMemoized.class","[107, -9, 12, -49, 102, 64, 73, 114, 22, -114, 121, 54, -16, 57, 5, 47]","org.eolang\eo-runtime\-\0.28.17","class","EOorg\EOeolang\AtMemoized.class","false"
"D:\Development\Java\Objectionary\speco\.eoc\classes\EOorg\EOeolang\EOarray$EOat.class","[-23, 66, -39, -23, 44, -124, -66, -54, -64, 40, 16, 63, -118, 96, 97, -59]","org.eolang\eo-runtime\-\0.28.17","class","EOorg\EOeolang\EOarray$EOat.class","false"
"D:\Development\Java\Objectionary\speco\.eoc\classes\EOorg\EOeolang\EOarray$EOlength.class","[-100, 94, -110, 35, -125, -22, 20, 80, -85, 127, 70, 23, 88, 102, -19, -86]","org.eolang\eo-runtime\-\0.28.17","class","EOorg\EOeolang\EOarray$EOlength.class","false"
"D:\Development\Java\Objectionary\speco\.eoc\classes\EOorg\EOeolang\EOarray$EOwith.class","[-108, -48, -26, -95, 97, -82, 127, 107, -66, -84, -64, -85, 99, -38, -33, -57]","org.eolang\eo-runtime\-\0.28.17","class","EOorg\EOeolang\EOarray$EOwith.class","false"
"D:\Development\Java\Objectionary\speco\.eoc\classes\EOorg\EOeolang\EOas_phi.class","[-121, 50, 75, 8, -51, 121, -110, 98, -84, 31, 7, 47, -24, -31, 72, 27]","org.eolang\eo-runtime\-\0.28.17","class","EOorg\EOeolang\EOas_phi.class","false"
"D:\Development\Java\Objectionary\speco\.eoc\classes\EOorg\EOeolang\EObool$EOand.class","[62, -63, -44, 47, -101, -84, -123, 105, -8, -39, -15, 106, 57, 4, -81, -48]","org.eolang\eo-runtime\-\0.28.17","class","EOorg\EOeolang\EObool$EOand.class","false"
"D:\Development\Java\Objectionary\speco\.eoc\classes\EOorg\EOeolang\EObool$EOif.class","[123, -3, 116, -111, 13, -78, -126, 70, 9, 100, 110, 59, 38, -45, -53, -6]","org.eolang\eo-runtime\-\0.28.17","class","EOorg\EOeolang\EObool$EOif.class","false"
"D:\Development\Java\Objectionary\speco\.eoc\classes\EOorg\EOeolang\EObool$EOor.class","[63, 58, -33, 67, -70, -96, 88, 21, -37, -54, 35, 73, -35, -69, 17, -96]","org.eolang\eo-runtime\-\0.28.17","class","EOorg\EOeolang\EObool$EOor.class","false"
"D:\Development\Java\Objectionary\speco\.eoc\classes\EOorg\EOeolang\EObool$EOwhile.class","[105, -22, -67, 89, 55, 109, -37, 79, -38, 42, -119, 66, -88, 80, -2, -128]","org.eolang\eo-runtime\-\0.28.17","class","EOorg\EOeolang\EObool$EOwhile.class","false"
"D:\Development\Java\Objectionary\speco\.eoc\classes\EOorg\EOeolang\EObytes$EOand.class","[115, -64, 17, 117, 14, 37, 9, 9, 41, -93, -26, 67, 29, 62, -64, 16]","org.eolang\eo-runtime\-\0.28.17","class","EOorg\EOeolang\EObytes$EOand.class","false"
"D:\Development\Java\Objectionary\speco\.eoc\classes\EOorg\EOeolang\EObytes$EOas_float.class","[19, -41, 49, 76, -62, 39, 96, -16, 124, 13, -117, -44, -122, 122, 116, -54]","org.eolang\eo-runtime\-\0.28.17","class","EOorg\EOeolang\EObytes$EOas_float.class","false"
"D:\Development\Java\Objectionary\speco\.eoc\classes\EOorg\EOeolang\EObytes$EOas_int.class","[20, 62, 96, -59, -106, 21, 97, 49, 18, 109, 72, -34, 119, -126, 112, -48]","org.eolang\eo-runtime\-\0.28.17","class","EOorg\EOeolang\EObytes$EOas_int.class","false"
"D:\Development\Java\Objectionary\speco\.eoc\classes\EOorg\EOeolang\EObytes$EOas_string.class","[-64, 109, 18, 77, 14, 13, -106, -119, -97, -79, -112, -97, -36, -119, 88, 111]","org.eolang\eo-runtime\-\0.28.17","class","EOorg\EOeolang\EObytes$EOas_string.class","false"
"D:\Development\Java\Objectionary\speco\.eoc\classes\EOorg\EOeolang\EObytes$EOconcat.class","[16, -69, 122, -105, -60, 56, 65, -112, 68, -96, 103, -17, 86, -25, 6, -77]","org.eolang\eo-runtime\-\0.28.17","class","EOorg\EOeolang\EObytes$EOconcat.class","false"
"D:\Development\Java\Objectionary\speco\.eoc\classes\EOorg\EOeolang\EObytes$EOeq.class","[121, -97, 79, 127, -128, 65, 110, 74, 84, 93, 71, 127, -3, 89, 2, 60]","org.eolang\eo-runtime\-\0.28.17","class","EOorg\EOeolang\EObytes$EOeq.class","false"
"D:\Development\Java\Objectionary\speco\.eoc\classes\EOorg\EOeolang\EObytes$EOnot.class","[106, 17, -32, 120, -121, -65, 99, -54, -12, 72, -50, 41, 85, -93, -61, 88]","org.eolang\eo-runtime\-\0.28.17","class","EOorg\EOeolang\EObytes$EOnot.class","false"
"D:\Development\Java\Objectionary\speco\.eoc\classes\EOorg\EOeolang\EObytes$EOor.class","[17, -120, 10, -17, 0, 18, 81, -36, 69, 33, -119, 118, 53, -110, -43, -77]","org.eolang\eo-runtime\-\0.28.17","class","EOorg\EOeolang\EObytes$EOor.class","false"
"D:\Development\Java\Objectionary\speco\.eoc\classes\EOorg\EOeolang\EObytes$EOright.class","[-68, 114, 87, -78, 86, -28, -120, -4, 53, -51, -44, -32, -18, 91, 34, -74]","org.eolang\eo-runtime\-\0.28.17","class","EOorg\EOeolang\EObytes$EOright.class","false"
"D:\Development\Java\Objectionary\speco\.eoc\classes\EOorg\EOeolang\EObytes$EOsize.class","[-93, 127, -120, -78, -3, 106, -44, -37, 16, -95, 77, 67, -2, -62, -2, -25]","org.eolang\eo-runtime\-\0.28.17","class","EOorg\EOeolang\EObytes$EOsize.class","false"
"D:\Development\Java\Objectionary\speco\.eoc\classes\EOorg\EOeolang\EObytes$EOslice.class","[44, 105, 57, -61, 4, -14, 88, -116, 68, 62, -82, -7, 126, -72, -65, 58]","org.eolang\eo-runtime\-\0.28.17","class","EOorg\EOeolang\EObytes$EOslice.class","false"
"D:\Development\Java\Objectionary\speco\.eoc\classes\EOorg\EOeolang\EObytes$EOxor.class","[82, 53, -117, -66, 42, 93, 79, 1, 103, 0, 100, 70, 83, 112, 81, 13]","org.eolang\eo-runtime\-\0.28.17","class","EOorg\EOeolang\EObytes$EOxor.class","false"
"D:\Development\Java\Objectionary\speco\.eoc\classes\EOorg\EOeolang\EOcage$Write.class","[110, -84, -76, 64, -92, -30, 77, -10, 58, -24, -40, 69, -55, -58, 80, 4]","org.eolang\eo-runtime\-\0.28.17","class","EOorg\EOeolang\EOcage$Write.class","false"
"D:\Development\Java\Objectionary\speco\.eoc\classes\EOorg\EOeolang\EOcage.class","[-56, -72, -112, 104, -77, 74, -78, -26, 22, -27, -42, -24, 58, 57, 54, 70]","org.eolang\eo-runtime\-\0.28.17","class","EOorg\EOeolang\EOcage.class","false"
"D:\Development\Java\Objectionary\speco\.eoc\classes\EOorg\EOeolang\EOerror$ExError.class","[-121, 56, -74, 47, -71, 58, -30, -112, -61, 62, -50, 103, -82, 112, -16, -35]","org.eolang\eo-runtime\-\0.28.17","class","EOorg\EOeolang\EOerror$ExError.class","false"
"D:\Development\Java\Objectionary\speco\.eoc\classes\EOorg\EOeolang\EOerror.class","[-51, -52, -60, 10, 66, 6, -54, 53, -60, 87, 94, 27, 118, -51, -64, 103]","org.eolang\eo-runtime\-\0.28.17","class","EOorg\EOeolang\EOerror.class","false"
"D:\Development\Java\Objectionary\speco\.eoc\classes\EOorg\EOeolang\EOfloat$EOas_bytes.class","[32, -7, 78, -81, -50, -117, -53, 106, 48, 17, 80, 59, -32, -111, -117, -78]","org.eolang\eo-runtime\-\0.28.17","class","EOorg\EOeolang\EOfloat$EOas_bytes.class","false"
"D:\Development\Java\Objectionary\speco\.eoc\classes\EOorg\EOeolang\EOfloat$EOdiv.class","[78, 33, 2, 124, -3, 26, -91, 42, -32, -117, -48, -54, 10, -57, 44, -66]","org.eolang\eo-runtime\-\0.28.17","class","EOorg\EOeolang\EOfloat$EOdiv.class","false"
"D:\Development\Java\Objectionary\speco\.eoc\classes\EOorg\EOeolang\EOfloat$EOgt.class","[82, 90, -19, -40, 88, -44, 54, 95, 60, -87, -73, -34, -96, -117, -118, -9]","org.eolang\eo-runtime\-\0.28.17","class","EOorg\EOeolang\EOfloat$EOgt.class","false"
"D:\Development\Java\Objectionary\speco\.eoc\classes\EOorg\EOeolang\EOfloat$EOplus.class","[34, -69, 105, 34, -12, 21, 104, -82, 96, -66, 93, -124, 29, 118, 70, 109]","org.eolang\eo-runtime\-\0.28.17","class","EOorg\EOeolang\EOfloat$EOplus.class","false"
"D:\Development\Java\Objectionary\speco\.eoc\classes\EOorg\EOeolang\EOfloat$EOtimes.class","[-95, 69, -97, 74, -48, -65, -82, 6, 93, -4, 47, -37, -42, -34, 40, 21]","org.eolang\eo-runtime\-\0.28.17","class","EOorg\EOeolang\EOfloat$EOtimes.class","false"
"D:\Development\Java\Objectionary\speco\.eoc\classes\EOorg\EOeolang\EOgoto$Backward.class","[-46, 44, 1, 8, 107, 115, 119, -70, -126, -118, -74, 123, 42, -111, 107, -105]","org.eolang\eo-runtime\-\0.28.17","class","EOorg\EOeolang\EOgoto$Backward.class","false"
"D:\Development\Java\Objectionary\speco\.eoc\classes\EOorg\EOeolang\EOgoto$BackwardException.class","[-44, 96, -27, -115, 122, 28, 14, 109, 113, 110, 105, -86, 57, 49, 33, 51]","org.eolang\eo-runtime\-\0.28.17","class","EOorg\EOeolang\EOgoto$BackwardException.class","false"
"D:\Development\Java\Objectionary\speco\.eoc\classes\EOorg\EOeolang\EOgoto$Forward.class","[-69, -23, 113, -98, -68, 13, -62, -65, 24, 118, 33, -31, -33, -108, -85, 11]","org.eolang\eo-runtime\-\0.28.17","class","EOorg\EOeolang\EOgoto$Forward.class","false"
"D:\Development\Java\Objectionary\speco\.eoc\classes\EOorg\EOeolang\EOgoto$ForwardException.class","[20, -119, 110, 63, -76, 61, 86, 126, 96, -53, 88, 49, -61, 71, 95, -113]","org.eolang\eo-runtime\-\0.28.17","class","EOorg\EOeolang\EOgoto$ForwardException.class","false"
"D:\Development\Java\Objectionary\speco\.eoc\classes\EOorg\EOeolang\EOgoto$Token.class","[-76, 87, 47, -64, 76, 81, -11, 39, -93, 115, 92, -93, -89, 53, -6, -31]","org.eolang\eo-runtime\-\0.28.17","class","EOorg\EOeolang\EOgoto$Token.class","false"
"D:\Development\Java\Objectionary\speco\.eoc\classes\EOorg\EOeolang\EOgoto.class","[39, 31, -112, -27, -97, -50, -118, 31, -27, -82, -110, -8, 8, -32, -60, 99]","org.eolang\eo-runtime\-\0.28.17","class","EOorg\EOeolang\EOgoto.class","false"
"D:\Development\Java\Objectionary\speco\.eoc\classes\EOorg\EOeolang\EOheap$EOfree.class","[-40, 45, 81, -87, -121, 33, 47, -5, -45, 125, -80, -113, -48, 78, 67, -75]","org.eolang\eo-runtime\-\0.28.17","class","EOorg\EOeolang\EOheap$EOfree.class","false"
"D:\Development\Java\Objectionary\speco\.eoc\classes\EOorg\EOeolang\EOheap$EOmalloc.class","[38, 75, 112, -67, -117, 54, -26, -70, -37, -85, -61, 97, -105, 22, -79, 104]","org.eolang\eo-runtime\-\0.28.17","class","EOorg\EOeolang\EOheap$EOmalloc.class","false"
"D:\Development\Java\Objectionary\speco\.eoc\classes\EOorg\EOeolang\EOheap$EOpointer$EOblock$Write.class","[78, -69, 16, 109, -50, 114, 85, -37, -62, -60, 25, 5, -43, -118, -49, 74]","org.eolang\eo-runtime\-\0.28.17","class","EOorg\EOeolang\EOheap$EOpointer$EOblock$Write.class","false"
"D:\Development\Java\Objectionary\speco\.eoc\classes\EOorg\EOeolang\EOheap$EOpointer$EOblock.class","[72, 22, -114, 31, 31, 76, 38, 46, 5, -5, -72, 90, 68, -76, -80, -64]","org.eolang\eo-runtime\-\0.28.17","class","EOorg\EOeolang\EOheap$EOpointer$EOblock.class","false"
"D:\Development\Java\Objectionary\speco\.eoc\classes\EOorg\EOeolang\EOint$EOas_bytes.class","[-10, 81, 74, 50, 57, 25, 125, 49, -106, -37, -75, 50, 121, -90, 45, 26]","org.eolang\eo-runtime\-\0.28.17","class","EOorg\EOeolang\EOint$EOas_bytes.class","false"
"D:\Development\Java\Objectionary\speco\.eoc\classes\EOorg\EOeolang\EOint$EOdiv.class","[86, -124, 75, -78, 25, -59, 1, -91, -99, 68, -80, -115, 34, -13, -56, -71]","org.eolang\eo-runtime\-\0.28.17","class","EOorg\EOeolang\EOint$EOdiv.class","false"
"D:\Development\Java\Objectionary\speco\.eoc\classes\EOorg\EOeolang\EOint$EOgt.class","[-46, -28, 108, -90, -67, 125, -99, -127, -5, -46, -118, 118, -11, -36, 26, -95]","org.eolang\eo-runtime\-\0.28.17","class","EOorg\EOeolang\EOint$EOgt.class","false"
"D:\Development\Java\Objectionary\speco\.eoc\classes\EOorg\EOeolang\EOint$EOplus.class","[-66, 87, 84, 51, -123, -126, 60, 38, 97, 43, 123, 38, 14, -22, 126, -85]","org.eolang\eo-runtime\-\0.28.17","class","EOorg\EOeolang\EOint$EOplus.class","false"
"D:\Development\Java\Objectionary\speco\.eoc\classes\EOorg\EOeolang\EOint$EOtimes.class","[-69, -97, -63, 27, -78, 76, -56, -87, 127, 85, -59, -18, -55, 14, 24, -38]","org.eolang\eo-runtime\-\0.28.17","class","EOorg\EOeolang\EOint$EOtimes.class","false"
"D:\Development\Java\Objectionary\speco\.eoc\classes\EOorg\EOeolang\EOio\EOstdin$EOnext_line.class","[-3, 124, 25, -52, 57, 101, -6, 5, 121, 38, 39, -85, -120, 93, 19, 120]","org.eolang\eo-runtime\-\0.28.17","class","EOorg\EOeolang\EOio\EOstdin$EOnext_line.class","false"
"D:\Development\Java\Objectionary\speco\.eoc\classes\EOorg\EOeolang\EOio\EOstdin$EOφ.class","[24, 54, -49, -21, -121, 107, 18, 4, 105, -121, -21, 0, 83, 13, -110, -5]","org.eolang\eo-runtime\-\0.28.17","class","EOorg\EOeolang\EOio\EOstdin$EOφ.class","false"
"D:\Development\Java\Objectionary\speco\.eoc\classes\EOorg\EOeolang\EOio\EOstdout.class","[-23, -128, 29, 81, 75, 86, -62, 105, 101, 14, 5, 12, -109, 24, 95, -31]","org.eolang\eo-runtime\-\0.28.17","class","EOorg\EOeolang\EOio\EOstdout.class","false"
"D:\Development\Java\Objectionary\speco\.eoc\classes\EOorg\EOeolang\EOio\Input.class","[-50, 33, 32, 96, 113, 101, 34, 65, 30, 5, 76, -88, 4, 112, 92, 49]","org.eolang\eo-runtime\-\0.28.17","class","EOorg\EOeolang\EOio\Input.class","false"
"D:\Development\Java\Objectionary\speco\.eoc\classes\EOorg\EOeolang\EOio\org-eolang-eo-runtime-jar.txt","[106, -81, -116, -98, -35, -107, 21, -109, -58, -114, -56, 57, -69, 105, -45, 107]","org.eolang\eo-runtime\-\0.28.17","class","EOorg\EOeolang\EOio\org-eolang-eo-runtime-jar.txt","false"
"D:\Development\Java\Objectionary\speco\.eoc\classes\EOorg\EOeolang\EOio\package-info.class","[91, -24, 46, 60, 66, -83, -23, 21, 126, 17, 112, -58, 94, 7, -24, 26]","org.eolang\eo-runtime\-\0.28.17","class","EOorg\EOeolang\EOio\package-info.class","false"
"D:\Development\Java\Objectionary\speco\.eoc\classes\EOorg\EOeolang\EOmemory$Write.class","[46, 109, 59, -60, -103, 39, 93, 47, 103, -47, -88, -56, 53, 13, 70, 1]","org.eolang\eo-runtime\-\0.28.17","class","EOorg\EOeolang\EOmemory$Write.class","false"
"D:\Development\Java\Objectionary\speco\.eoc\classes\EOorg\EOeolang\EOmemory.class","[100, 113, -68, -69, 101, 59, 106, -74, -60, -21, -68, 50, -117, -40, -5, 98]","org.eolang\eo-runtime\-\0.28.17","class","EOorg\EOeolang\EOmemory.class","false"
"D:\Development\Java\Objectionary\speco\.eoc\classes\EOorg\EOeolang\EOram$EOram_slice$EOwrite.class","[87, 53, -7, 33, 65, -84, -35, -27, 112, 85, 70, 1, 106, -85, -45, 11]","org.eolang\eo-runtime\-\0.28.17","class","EOorg\EOeolang\EOram$EOram_slice$EOwrite.class","false"
"D:\Development\Java\Objectionary\speco\.eoc\classes\EOorg\EOeolang\EOram$EOram_slice$EOφ.class","[-115, -19, 6, 77, 119, 33, -20, -25, 112, -6, 72, 112, -65, 27, 96, -111]","org.eolang\eo-runtime\-\0.28.17","class","EOorg\EOeolang\EOram$EOram_slice$EOφ.class","false"
"D:\Development\Java\Objectionary\speco\.eoc\classes\EOorg\EOeolang\EOram$EOslice.class","[-88, -123, -80, 34, 51, 107, -68, -33, 16, 107, -92, 62, -123, -82, 94, 48]","org.eolang\eo-runtime\-\0.28.17","class","EOorg\EOeolang\EOram$EOslice.class","false"
"D:\Development\Java\Objectionary\speco\.eoc\classes\EOorg\EOeolang\EOram$EOwrite.class","[-94, -89, -78, -76, -67, -25, 89, 88, 75, 6, 70, -44, -21, -44, 14, 1]","org.eolang\eo-runtime\-\0.28.17","class","EOorg\EOeolang\EOram$EOwrite.class","false"
"D:\Development\Java\Objectionary\speco\.eoc\classes\EOorg\EOeolang\EOseq.class","[-42, 45, -125, -79, 82, -17, 61, 123, 46, -103, -27, 123, -82, 46, 61, 9]","org.eolang\eo-runtime\-\0.28.17","class","EOorg\EOeolang\EOseq.class","false"
"D:\Development\Java\Objectionary\speco\.eoc\classes\EOorg\EOeolang\EOstring$EOas_bytes.class","[62, -98, -97, -65, -100, -128, -48, -44, 75, -61, -76, 26, 16, -94, 66, -28]","org.eolang\eo-runtime\-\0.28.17","class","EOorg\EOeolang\EOstring$EOas_bytes.class","false"
"D:\Development\Java\Objectionary\speco\.eoc\classes\EOorg\EOeolang\EOstring$EOlength.class","[72, 119, -91, -88, 12, 97, 116, 62, 80, -127, -62, -12, 52, -93, -1, -112]","org.eolang\eo-runtime\-\0.28.17","class","EOorg\EOeolang\EOstring$EOlength.class","false"
"D:\Development\Java\Objectionary\speco\.eoc\classes\EOorg\EOeolang\EOstring$EOslice.class","[105, 66, 39, 53, 29, -68, -111, -3, 34, 92, -108, 81, 57, 94, -107, 98]","org.eolang\eo-runtime\-\0.28.17","class","EOorg\EOeolang\EOstring$EOslice.class","false"
"D:\Development\Java\Objectionary\speco\.eoc\classes\EOorg\EOeolang\EOtry.class","[-7, 10, 2, 102, 22, -11, -46, 116, 93, 89, -125, 102, 0, -41, -102, -35]","org.eolang\eo-runtime\-\0.28.17","class","EOorg\EOeolang\EOtry.class","false"
"D:\Development\Java\Objectionary\speco\.eoc\classes\EOorg\EOeolang\ExReduceBytes.class","[-94, 85, 12, 74, -86, 56, 91, -97, -28, -92, -28, -20, 15, 119, 58, 48]","org.eolang\eo-runtime\-\0.28.17","class","EOorg\EOeolang\ExReduceBytes.class","false"
"D:\Development\Java\Objectionary\speco\.eoc\classes\EOorg\EOeolang\Heaps.class","[90, 21, -119, 93, -117, 94, -116, -17, -106, 66, -117, -61, -114, 98, 35, 24]","org.eolang\eo-runtime\-\0.28.17","class","EOorg\EOeolang\Heaps.class","false"
"D:\Development\Java\Objectionary\speco\.eoc\classes\EOorg\EOeolang\org-eolang-eo-runtime-jar.txt","[-116, 41, -72, -56, 117, 31, 51, 78, -63, 18, 117, -110, 72, -107, -72, 77]","org.eolang\eo-runtime\-\0.28.17","class","EOorg\EOeolang\org-eolang-eo-runtime-jar.txt","false"
"D:\Development\Java\Objectionary\speco\.eoc\classes\EOorg\EOeolang\package-info.class","[97, -19, -83, 18, 7, -35, 77, -108, 114, -45, 82, -44, 36, -118, 87, -55]","org.eolang\eo-runtime\-\0.28.17","class","EOorg\EOeolang\package-info.class","false"
"D:\Development\Java\Objectionary\speco\.eoc\classes\EOorg\EOeolang\Ram.class","[-65, 29, 1, -85, -106, -68, -65, -40, 73, 107, 37, -84, -33, -127, 33, -1]","org.eolang\eo-runtime\-\0.28.17","class","EOorg\EOeolang\Ram.class","false"
"D:\Development\Java\Objectionary\speco\.eoc\classes\EOorg\org-eolang-eo-runtime-jar.txt","[85, -93, 18, -39, 102, 25, -78, 119, 114, -68, -19, -90, 18, 103, -3, -108]","org.eolang\eo-runtime\-\0.28.17","class","EOorg\org-eolang-eo-runtime-jar.txt","false"
"D:\Development\Java\Objectionary\speco\.eoc\classes\EOorg\package-info.class","[-29, 31, 52, -92, 113, -41, 100, -26, 70, 91, -108, 40, -33, 97, -117, -42]","org.eolang\eo-runtime\-\0.28.17","class","EOorg\package-info.class","false"
"D:\Development\Java\Objectionary\speco\.eoc\classes\META-INF\MANIFEST.MF","[93, -65, -62, 125, -96, 75, 74, 100, 15, -76, -39, -62, 108, -104, 32, 110]","org.eolang\eo-runtime\-\0.28.17","class","META-INF\MANIFEST.MF","false"
"D:\Development\Java\Objectionary\speco\.eoc\classes\META-INF\maven\org.eolang\eo-runtime\pom.properties","[-27, -8, 74, 96, 104, -118, -53, 122, -21, 62, -123, -125, -29, -10, -125, -118]","org.eolang\eo-runtime\-\0.28.17","class","META-INF\maven\org.eolang\eo-runtime\pom.properties","false"
"D:\Development\Java\Objectionary\speco\.eoc\classes\META-INF\maven\org.eolang\eo-runtime\pom.xml","[59, 86, -54, -47, -97, -110, 116, -19, -25, 24, -74, 33, 81, 8, 67, 80]","org.eolang\eo-runtime\-\0.28.17","class","META-INF\maven\org.eolang\eo-runtime\pom.xml","false"
"D:\Development\Java\Objectionary\speco\.eoc\classes\META-INF\services\javax.xml.transform.TransformerFactory","[101, -23, 13, -9, 86, -82, -93, 118, 79, 92, -48, 76, 108, -78, -9, -69]","org.eolang\eo-runtime\-\0.28.17","class","META-INF\services\javax.xml.transform.TransformerFactory","false"
"D:\Development\Java\Objectionary\speco\.eoc\classes\META-INF\services\javax.xml.xpath.XPathFactory","[117, -114, -71, 0, 0, -111, 115, 92, -14, 51, 34, 4, 13, -83, 82, -56]","org.eolang\eo-runtime\-\0.28.17","class","META-INF\services\javax.xml.xpath.XPathFactory","false"
"D:\Development\Java\Objectionary\speco\.eoc\classes\org\eolang\AtAbsent.class","[-25, 18, -41, -68, 85, -92, 72, -58, 28, 12, -22, 53, -28, 63, -85, -114]","org.eolang\eo-runtime\-\0.28.17","class","org\eolang\AtAbsent.class","false"
"D:\Development\Java\Objectionary\speco\.eoc\classes\org\eolang\AtComposite.class","[46, 40, 55, 6, -124, -122, 50, 11, 55, 99, 69, 66, -70, -15, -124, -32]","org.eolang\eo-runtime\-\0.28.17","class","org\eolang\AtComposite.class","false"
"D:\Development\Java\Objectionary\speco\.eoc\classes\org\eolang\AtConst.class","[104, -26, -76, 104, 107, -38, 19, 52, -63, -68, 55, -16, -26, 88, 117, -40]","org.eolang\eo-runtime\-\0.28.17","class","org\eolang\AtConst.class","false"
"D:\Development\Java\Objectionary\speco\.eoc\classes\org\eolang\AtFixed.class","[125, -63, 84, -51, 121, 121, -4, -81, -44, 113, 27, 121, 83, -62, -53, 36]","org.eolang\eo-runtime\-\0.28.17","class","org\eolang\AtFixed.class","false"
"D:\Development\Java\Objectionary\speco\.eoc\classes\org\eolang\AtFree.class","[-25, -12, -91, -21, -22, 76, 18, 30, -75, 92, -11, -60, -65, 71, 125, -73]","org.eolang\eo-runtime\-\0.28.17","class","org\eolang\AtFree.class","false"
"D:\Development\Java\Objectionary\speco\.eoc\classes\org\eolang\AtLocated.class","[-77, 52, -106, 90, -17, -9, -82, 127, 37, -104, -103, -102, 10, -16, -37, 91]","org.eolang\eo-runtime\-\0.28.17","class","org\eolang\AtLocated.class","false"
"D:\Development\Java\Objectionary\speco\.eoc\classes\org\eolang\AtLogged.class","[12, -100, -105, -81, 114, -63, -37, 21, 85, -10, -54, -110, -39, -86, -61, -36]","org.eolang\eo-runtime\-\0.28.17","class","org\eolang\AtLogged.class","false"
"D:\Development\Java\Objectionary\speco\.eoc\classes\org\eolang\AtNamed.class","[-11, -91, 72, 0, -56, 105, 6, 14, 124, 55, 18, 32, -119, 23, 42, -21]","org.eolang\eo-runtime\-\0.28.17","class","org\eolang\AtNamed.class","false"
"D:\Development\Java\Objectionary\speco\.eoc\classes\org\eolang\AtOnce.class","[87, 45, 48, -64, -97, -90, 46, 46, 3, 106, 47, 25, 11, 79, 75, -42]","org.eolang\eo-runtime\-\0.28.17","class","org\eolang\AtOnce.class","false"
"D:\Development\Java\Objectionary\speco\.eoc\classes\org\eolang\AtPhiSensitive.class","[3, 40, 53, 85, -95, -67, 18, 46, -128, 110, -80, 50, 103, -13, -103, 114]","org.eolang\eo-runtime\-\0.28.17","class","org\eolang\AtPhiSensitive.class","false"
"D:\Development\Java\Objectionary\speco\.eoc\classes\org\eolang\AtSafe.class","[99, 79, 44, 96, -47, -41, 51, 7, -115, -111, 51, 115, 23, -42, 83, -60]","org.eolang\eo-runtime\-\0.28.17","class","org\eolang\AtSafe.class","false"
"D:\Development\Java\Objectionary\speco\.eoc\classes\org\eolang\AtSimple.class","[-88, -106, -10, -21, 29, -68, 40, -40, 5, 31, -122, -60, -80, -17, 125, 0]","org.eolang\eo-runtime\-\0.28.17","class","org\eolang\AtSimple.class","false"
"D:\Development\Java\Objectionary\speco\.eoc\classes\org\eolang\Attr.class","[91, -54, 98, -73, 0, -27, -106, -29, 111, 22, 35, 101, -8, -87, 54, 5]","org.eolang\eo-runtime\-\0.28.17","class","org\eolang\Attr.class","false"
"D:\Development\Java\Objectionary\speco\.eoc\classes\org\eolang\AtVararg.class","[45, -94, -22, -40, 15, 102, -18, 43, 66, -22, 74, 48, 123, 4, 77, -99]","org.eolang\eo-runtime\-\0.28.17","class","org\eolang\AtVararg.class","false"
"D:\Development\Java\Objectionary\speco\.eoc\classes\org\eolang\Bytes.class","[95, 109, -107, -24, -48, -47, -109, 75, -29, 56, 67, -116, -98, -87, 110, -92]","org.eolang\eo-runtime\-\0.28.17","class","org\eolang\Bytes.class","false"
"D:\Development\Java\Objectionary\speco\.eoc\classes\org\eolang\BytesOf.class","[-24, 69, 90, -11, -45, 22, 56, 89, -51, 72, 39, -30, -101, 106, 124, -40]","org.eolang\eo-runtime\-\0.28.17","class","org\eolang\BytesOf.class","false"
"D:\Development\Java\Objectionary\speco\.eoc\classes\org\eolang\CachedPhi.class","[-16, -51, -99, 29, 61, 117, -72, -36, 98, 95, -39, 37, -53, 9, -69, -104]","org.eolang\eo-runtime\-\0.28.17","class","org\eolang\CachedPhi.class","false"
"D:\Development\Java\Objectionary\speco\.eoc\classes\org\eolang\Data$Once.class","[-49, -101, 91, 62, 69, 32, -73, 122, 34, -81, -62, -125, 96, -28, 76, -105]","org.eolang\eo-runtime\-\0.28.17","class","org\eolang\Data$Once.class","false"
"D:\Development\Java\Objectionary\speco\.eoc\classes\org\eolang\Data$ToPhi.class","[22, -60, -121, 75, -95, -87, -48, -21, -30, 9, 7, -29, -100, -43, -90, 35]","org.eolang\eo-runtime\-\0.28.17","class","org\eolang\Data$ToPhi.class","false"
"D:\Development\Java\Objectionary\speco\.eoc\classes\org\eolang\Data$Value.class","[-126, -83, 22, 53, -123, 62, 7, -79, 16, 7, -106, -40, -7, -114, 71, 34]","org.eolang\eo-runtime\-\0.28.17","class","org\eolang\Data$Value.class","false"
"D:\Development\Java\Objectionary\speco\.eoc\classes\org\eolang\Data.class","[-96, -37, 12, -3, -51, 20, 77, -5, 49, 25, -45, 123, -39, -105, 54, 24]","org.eolang\eo-runtime\-\0.28.17","class","org\eolang\Data.class","false"
"D:\Development\Java\Objectionary\speco\.eoc\classes\org\eolang\Dataized.class","[-63, -5, 27, 92, 18, 72, -111, -44, 53, -8, 77, 31, 34, -4, 68, 14]","org.eolang\eo-runtime\-\0.28.17","class","org\eolang\Dataized.class","false"
"D:\Development\Java\Objectionary\speco\.eoc\classes\org\eolang\ExAbstract.class","[44, 118, 63, 124, -48, 23, -65, 91, -113, 127, 75, 74, -18, -75, -77, -43]","org.eolang\eo-runtime\-\0.28.17","class","org\eolang\ExAbstract.class","false"
"D:\Development\Java\Objectionary\speco\.eoc\classes\org\eolang\ExFailure.class","[-54, -109, -78, 118, -57, 44, 28, 35, -35, 39, -12, 79, 7, 121, -115, 17]","org.eolang\eo-runtime\-\0.28.17","class","org\eolang\ExFailure.class","false"
"D:\Development\Java\Objectionary\speco\.eoc\classes\org\eolang\ExFlow.class","[-20, 101, -126, 82, 108, -71, -26, -84, 21, 37, -101, 80, -116, 53, 117, -85]","org.eolang\eo-runtime\-\0.28.17","class","org\eolang\ExFlow.class","false"
"D:\Development\Java\Objectionary\speco\.eoc\classes\org\eolang\ExInterrupted.class","[106, -87, -121, -118, 104, -95, 116, 81, 27, -34, 29, -111, -22, 46, 104, 106]","org.eolang\eo-runtime\-\0.28.17","class","org\eolang\ExInterrupted.class","false"
"D:\Development\Java\Objectionary\speco\.eoc\classes\org\eolang\Expr.class","[65, 33, -54, -30, -26, 81, 93, -75, 75, -25, -21, 26, -95, 18, -37, 30]","org.eolang\eo-runtime\-\0.28.17","class","org\eolang\Expr.class","false"
"D:\Development\Java\Objectionary\speco\.eoc\classes\org\eolang\ExprReduce$Args.class","[-4, -73, 57, -118, 117, 18, 81, -119, -2, -71, -36, 104, 17, -89, 36, -32]","org.eolang\eo-runtime\-\0.28.17","class","org\eolang\ExprReduce$Args.class","false"
"D:\Development\Java\Objectionary\speco\.eoc\classes\org\eolang\ExprReduce.class","[-52, 52, -113, 45, -14, -106, -63, -78, -92, -64, -40, -90, -117, -34, 101, -50]","org.eolang\eo-runtime\-\0.28.17","class","org\eolang\ExprReduce.class","false"
"D:\Development\Java\Objectionary\speco\.eoc\classes\org\eolang\ExReadOnly.class","[115, -93, 121, 101, 88, -91, -14, -108, 66, 37, 91, -97, -10, -127, -43, 36]","org.eolang\eo-runtime\-\0.28.17","class","org\eolang\ExReadOnly.class","false"
"D:\Development\Java\Objectionary\speco\.eoc\classes\org\eolang\ExUnset.class","[6, -77, -97, -78, 59, 62, 69, -10, -110, -88, -88, 0, 91, -104, 3, -57]","org.eolang\eo-runtime\-\0.28.17","class","org\eolang\ExUnset.class","false"
"D:\Development\Java\Objectionary\speco\.eoc\classes\org\eolang\Indented.class","[-45, 63, 71, -47, -41, -24, -83, 110, 44, 108, -39, 53, -110, -29, 88, -8]","org.eolang\eo-runtime\-\0.28.17","class","org\eolang\Indented.class","false"
"D:\Development\Java\Objectionary\speco\.eoc\classes\org\eolang\Main$1.class","[-108, 51, -19, -46, -93, 119, 59, -35, -126, 60, 7, 40, -83, 100, 56, -54]","org.eolang\eo-runtime\-\0.28.17","class","org\eolang\Main$1.class","false"
"D:\Development\Java\Objectionary\speco\.eoc\classes\org\eolang\Main.class","[-5, 28, 1, 90, 67, -23, 3, 5, -106, 6, 50, 14, 78, 16, 100, 86]","org.eolang\eo-runtime\-\0.28.17","class","org\eolang\Main.class","false"
"D:\Development\Java\Objectionary\speco\.eoc\classes\org\eolang\org-eolang-eo-runtime-jar.txt","[-9, -110, -106, 17, -30, 6, -6, 65, 103, -90, -5, -90, 61, -71, 82, -9]","org.eolang\eo-runtime\-\0.28.17","class","org\eolang\org-eolang-eo-runtime-jar.txt","false"
"D:\Development\Java\Objectionary\speco\.eoc\classes\org\eolang\package-info.class","[-74, -39, 21, -123, 8, -41, 25, 23, 119, 88, 110, 85, -38, 35, -11, 103]","org.eolang\eo-runtime\-\0.28.17","class","org\eolang\package-info.class","false"
"D:\Development\Java\Objectionary\speco\.eoc\classes\org\eolang\Param.class","[-61, 25, 12, -60, 10, -112, -87, 6, 15, 125, 4, -52, -42, -110, -127, 18]","org.eolang\eo-runtime\-\0.28.17","class","org\eolang\Param.class","false"
"D:\Development\Java\Objectionary\speco\.eoc\classes\org\eolang\PhConst.class","[-63, 51, -118, 119, 95, 66, -35, 102, 126, -63, 16, 57, -87, -11, -69, 39]","org.eolang\eo-runtime\-\0.28.17","class","org\eolang\PhConst.class","false"
"D:\Development\Java\Objectionary\speco\.eoc\classes\org\eolang\PhCopy.class","[-50, 114, -92, 79, -56, 110, 110, -65, -57, -126, 24, -100, -73, -71, 46, -23]","org.eolang\eo-runtime\-\0.28.17","class","org\eolang\PhCopy.class","false"
"D:\Development\Java\Objectionary\speco\.eoc\classes\org\eolang\PhDefault.class","[78, 34, -95, -111, 102, -18, -75, -9, 123, -28, -84, 74, 38, -33, 43, 2]","org.eolang\eo-runtime\-\0.28.17","class","org\eolang\PhDefault.class","false"
"D:\Development\Java\Objectionary\speco\.eoc\classes\org\eolang\PhFake.class","[-121, 80, 14, -55, 110, -61, 108, 103, 39, 120, 50, 46, 67, 61, 50, -50]","org.eolang\eo-runtime\-\0.28.17","class","org\eolang\PhFake.class","false"
"D:\Development\Java\Objectionary\speco\.eoc\classes\org\eolang\Phi$1.class","[113, -95, -79, -59, 40, -100, 64, -41, 58, 48, 25, 43, 75, -82, -33, -62]","org.eolang\eo-runtime\-\0.28.17","class","org\eolang\Phi$1.class","false"
"D:\Development\Java\Objectionary\speco\.eoc\classes\org\eolang\Phi.class","[17, 119, 21, 96, 58, 24, 49, -65, 6, -30, 17, 78, -42, 79, -101, -85]","org.eolang\eo-runtime\-\0.28.17","class","org\eolang\Phi.class","false"
"D:\Development\Java\Objectionary\speco\.eoc\classes\org\eolang\PhImmovable.class","[-125, 30, 106, -5, -34, 120, 125, 114, 0, 81, -115, 13, -128, -72, -16, 61]","org.eolang\eo-runtime\-\0.28.17","class","org\eolang\PhImmovable.class","false"
"D:\Development\Java\Objectionary\speco\.eoc\classes\org\eolang\PhLocated.class","[88, 88, -96, -30, 83, 2, 57, 92, -43, 39, -60, -44, -34, -39, 95, 20]","org.eolang\eo-runtime\-\0.28.17","class","org\eolang\PhLocated.class","false"
"D:\Development\Java\Objectionary\speco\.eoc\classes\org\eolang\PhLogged.class","[113, -78, -95, 10, -107, 64, -13, 56, -113, -124, 122, 38, -108, -41, 16, 36]","org.eolang\eo-runtime\-\0.28.17","class","org\eolang\PhLogged.class","false"
"D:\Development\Java\Objectionary\speco\.eoc\classes\org\eolang\PhMethod.class","[-3, -30, 43, -100, -15, -118, 19, 10, -11, 57, 100, 57, 55, 60, -53, -100]","org.eolang\eo-runtime\-\0.28.17","class","org\eolang\PhMethod.class","false"
"D:\Development\Java\Objectionary\speco\.eoc\classes\org\eolang\PhNamed.class","[-53, -79, 14, -101, -3, -82, 34, -85, 17, -16, -51, 50, -32, 34, 107, 43]","org.eolang\eo-runtime\-\0.28.17","class","org\eolang\PhNamed.class","false"
"D:\Development\Java\Objectionary\speco\.eoc\classes\org\eolang\PhOnce.class","[-69, -83, -124, 96, 72, -28, -81, 105, -30, -2, -62, -18, -101, 22, 7, -83]","org.eolang\eo-runtime\-\0.28.17","class","org\eolang\PhOnce.class","false"
"D:\Development\Java\Objectionary\speco\.eoc\classes\org\eolang\PhPackage.class","[116, -18, 108, 114, -12, 32, 59, 63, -103, 71, -80, 31, -125, 84, -126, -119]","org.eolang\eo-runtime\-\0.28.17","class","org\eolang\PhPackage.class","false"
"D:\Development\Java\Objectionary\speco\.eoc\classes\org\eolang\PhSafe.class","[-74, 15, 29, 48, 81, 98, 117, -28, -85, -98, 52, -4, -104, 55, -83, -2]","org.eolang\eo-runtime\-\0.28.17","class","org\eolang\PhSafe.class","false"
"D:\Development\Java\Objectionary\speco\.eoc\classes\org\eolang\PhUnvar.class","[113, 22, 96, -33, 110, 98, 4, 102, -24, -13, -53, 100, -111, 4, 89, 122]","org.eolang\eo-runtime\-\0.28.17","class","org\eolang\PhUnvar.class","false"
"D:\Development\Java\Objectionary\speco\.eoc\classes\org\eolang\PhWith.class","[110, -14, -103, 67, 125, 62, -86, 106, 56, -70, -61, -21, 93, 65, -122, 122]","org.eolang\eo-runtime\-\0.28.17","class","org\eolang\PhWith.class","false"
"D:\Development\Java\Objectionary\speco\.eoc\classes\org\eolang\Term.class","[108, -90, 50, 30, 45, -55, 65, 34, -94, -124, 5, 42, -113, 16, -44, 82]","org.eolang\eo-runtime\-\0.28.17","class","org\eolang\Term.class","false"
"D:\Development\Java\Objectionary\speco\.eoc\classes\org\eolang\version.txt","[127, 123, 35, -66, -14, -93, -31, 6, 52, -126, 60, 105, 2, 96, -1, 76]","org.eolang\eo-runtime\-\0.28.17","class","org\eolang\version.txt","false"
"D:\Development\Java\Objectionary\speco\.eoc\classes\org\eolang\Vertices.class","[78, 94, -126, -96, -30, 17, 35, -96, 101, 67, -113, 14, -95, -61, -110, -117]","org.eolang\eo-runtime\-\0.28.17","class","org\eolang\Vertices.class","false"
"D:\Development\Java\Objectionary\speco\.eoc\classes\org\eolang\Volatile.class","[101, 96, 24, 30, 57, -42, -102, -61, -83, -69, -56, -35, 86, -67, 12, 17]","org.eolang\eo-runtime\-\0.28.17","class","org\eolang\Volatile.class","false"
"D:\Development\Java\Objectionary\speco\.eoc\classes\org\eolang\XmirObject.class","[-65, -113, 74, -124, -101, -76, -13, -45, 107, 87, 24, 64, -84, -116, -26, 26]","org.eolang\eo-runtime\-\0.28.17","class","org\eolang\XmirObject.class","false"
"org.eolang\eo-runtime\-\0.28.17","","","jar","",""
"org.eolang\eo-runtime\-\0.28.14","","","jar","",""
